id,category,name,description,description_complete,url,lang,source,qa_pairs
svc_001,Divertissement,DJEZZY SCOOP,"Le Service Djezzy Scoop vous permet de recevoir sur votre mobile des nouvelles, informations culturelles et météo par SMS.",True,https://www.djezzy.dz/particuliers/services/djezzy-scoop/,fr,djezzy.dz,"[{""q"": ""C'est quoi le service Djezzy Scoop ?"", ""a"": ""Djezzy Scoop est un service qui vous permet de recevoir sur votre mobile des nouvelles, des informations culturelles et la météo par SMS.""}, {""q"": ""Comment rester informé avec Djezzy ?"", ""a"": ""Avec Djezzy Scoop, vous recevez directement sur votre mobile des actualités, informations culturelles et météo par SMS.""}, {""q"": ""Djezzy propose-t-il un service d'informations par SMS ?"", ""a"": ""Oui, avec Djezzy Scoop vous pouvez recevoir des nouvelles, des infos culturelles et la météo directement par SMS sur votre mobile.""}]"
svc_002,Divertissement,RANATI,"Changez de tonalité en fonction des nouveautés ou des événements, aussi souvent que vous le souhaitez.",True,https://www.djezzy.dz/particuliers/services/ranati/,fr,djezzy.dz,"[{""q"": ""C'est quoi Ranati ?"", ""a"": ""Ranati est un service qui vous permet de changer votre tonalité d'appel aussi souvent que vous le souhaitez, selon les nouveautés ou les événements.""}, {""q"": ""Comment changer ma sonnerie d'attente chez Djezzy ?"", ""a"": ""Avec Ranati, vous pouvez changer votre tonalité d'appel quand vous voulez, en fonction des événements ou des nouveautés disponibles.""}, {""q"": ""Puis-je personnaliser ma tonalité sur Djezzy ?"", ""a"": ""Oui, grâce au service Ranati vous pouvez changer votre tonalité aussi souvent que vous le désirez selon les événements ou les nouveautés.""}]"
svc_003,Divertissement,Djezzy Nokta,«Nokta» offre un contenu divertissant algérien composé des deux thèmes Blagues et Boukala.,True,https://www.djezzy.dz/particuliers/services/nokta/,fr,djezzy.dz,"[{""q"": ""C'est quoi Djezzy Nokta ?"", ""a"": ""Djezzy Nokta est un service de divertissement algérien qui propose des blagues et des Boukala.""}, {""q"": ""Quel type de contenu propose Nokta ?"", ""a"": ""Nokta offre du contenu divertissant algérien autour de deux thèmes : les Blagues et les Boukala.""}, {""q"": ""Comment accéder au contenu humoristique algérien sur Djezzy ?"", ""a"": ""Avec le service Djezzy Nokta, vous avez accès à du contenu divertissant algérien incluant des blagues et des Boukala.""}]"
svc_004,Divertissement,GAME PORTAL,"Le Game Portal est un service de contenus sous forme de portail de jeux mobiles, proposé aux abonnés Djezzy équipés de Smartphones Android.",True,https://www.djezzy.dz/particuliers/services/gameportal/,fr,djezzy.dz,"[{""q"": ""C'est quoi le Game Portal Djezzy ?"", ""a"": ""Le Game Portal est un portail de jeux mobiles proposé aux abonnés Djezzy qui possèdent un smartphone Android.""}, {""q"": ""Est-ce que Djezzy propose des jeux mobiles ?"", ""a"": ""Oui, via le service Game Portal, Djezzy propose un portail de jeux mobiles accessible aux abonnés équipés de smartphones Android.""}, {""q"": ""Le Game Portal fonctionne sur quel téléphone ?"", ""a"": ""Le Game Portal de Djezzy est disponible pour les abonnés ayant un smartphone Android.""}]"
svc_005,Divertissement,GAMELAND,Gameland est une plateforme bilingue de contenu divertissant sous forme de portail de jeux proposée aux abonnés Djezzy.,False,https://www.djezzy.dz/particuliers/services/gameland/,fr,djezzy.dz,"[{""q"": ""C'est quoi Gameland ?"", ""a"": ""Gameland est une plateforme bilingue de jeux mobiles proposée aux abonnés Djezzy sous forme de portail de divertissement.""}, {""q"": ""Quelle est la différence entre Gameland et Game Portal ?"", ""a"": ""Gameland est une plateforme bilingue de jeux, tandis que le Game Portal est dédié aux smartphones Android. Les deux sont des portails de jeux mobiles pour abonnés Djezzy.""}, {""q"": ""Djezzy a-t-il une plateforme de jeux bilingue ?"", ""a"": ""Oui, Gameland est la plateforme bilingue de jeux de divertissement proposée par Djezzy à ses abonnés.""}]"
svc_006,Divertissement,VrXperience,VrXperience est un service de contenus digital sous forme de portail qui contient une large bibliothèque de contenus.,False,https://www.djezzy.dz/particuliers/services/vrxperience/,fr,djezzy.dz,"[{""q"": ""C'est quoi VrXperience chez Djezzy ?"", ""a"": ""VrXperience est un portail de contenus digitaux proposé par Djezzy, avec une large bibliothèque de contenus disponibles.""}, {""q"": ""Djezzy propose-t-il un service de réalité virtuelle ?"", ""a"": ""Oui, VrXperience est le service de contenus digitaux de Djezzy accessible sous forme de portail avec une bibliothèque de contenus variés.""}, {""q"": ""Comment accéder à VrXperience ?"", ""a"": ""VrXperience est accessible aux abonnés Djezzy via son portail digital. Pour plus de détails, consultez le site djezzy.dz.""}]"
svc_007,Divertissement,YouScribe,YouScribe est votre bibliothèque numérique à portée de main.,False,https://www.djezzy.dz/particuliers/services/youscribe/,fr,djezzy.dz,"[{""q"": ""C'est quoi YouScribe chez Djezzy ?"", ""a"": ""YouScribe est une bibliothèque numérique accessible depuis votre mobile via Djezzy.""}, {""q"": ""Puis-je lire des livres numériques avec Djezzy ?"", ""a"": ""Oui, avec YouScribe vous avez accès à une bibliothèque numérique complète directement depuis votre mobile Djezzy.""}, {""q"": ""Djezzy propose-t-il un service de lecture en ligne ?"", ""a"": ""Oui, YouScribe est le service de bibliothèque numérique de Djezzy, accessible à portée de main depuis votre mobile.""}]"
svc_008,Divertissement,PREMIUM GAMING,"Service digital sous forme de portail qui vous donne la possibilité de recharger vos jeux préférés (PUBG, Free Fire, Minecraft...).",False,https://www.djezzy.dz/particuliers/services/premium-mobile-gaming/,fr,djezzy.dz,"[{""q"": ""C'est quoi Premium Gaming chez Djezzy ?"", ""a"": ""Premium Gaming est un portail digital qui permet de recharger vos jeux favoris comme PUBG, Free Fire ou Minecraft directement via Djezzy.""}, {""q"": ""Comment recharger PUBG ou Free Fire avec Djezzy ?"", ""a"": ""Avec le service Premium Gaming de Djezzy, vous pouvez recharger vos jeux préférés comme PUBG, Free Fire et Minecraft depuis un portail dédié.""}, {""q"": ""Djezzy permet-il de recharger des jeux mobiles ?"", ""a"": ""Oui, grâce au service Premium Gaming vous pouvez recharger vos jeux comme PUBG, Free Fire, Minecraft et d'autres via le portail Djezzy.""}]"
svc_009,Divertissement,Dorouscom,Une plateforme éducative qui propose une panoplie de cours en trilingue avec plusieurs types d'accès.,False,https://www.djezzy.dz/particuliers/services/dorouscom/,fr,djezzy.dz,"[{""q"": ""C'est quoi Dorouscom ?"", ""a"": ""Dorouscom est une plateforme éducative trilingue proposée par Djezzy, offrant une variété de cours avec plusieurs types d'accès.""}, {""q"": ""Djezzy propose-t-il une plateforme de cours en ligne ?"", ""a"": ""Oui, Dorouscom est la plateforme éducative de Djezzy qui propose des cours en trois langues avec différentes options d'accès.""}, {""q"": ""Peut-on apprendre en ligne avec Djezzy ?"", ""a"": ""Oui, grâce à Dorouscom, une plateforme éducative trilingue accessible via Djezzy, vous pouvez suivre de nombreux cours en ligne.""}]"
svc_010,Divertissement,Digital Fennec,"Un portail de gaming mobile, dynamique et adapté à l'environnement algérien.",False,https://www.djezzy.dz/particuliers/services/digital-fennec/,fr,djezzy.dz,"[{""q"": ""C'est quoi Digital Fennec ?"", ""a"": ""Digital Fennec est un portail de gaming mobile dynamique, adapté à l'environnement local, proposé par Djezzy.""}, {""q"": ""Djezzy a-t-il un portail de jeux adapté à l'Algérie ?"", ""a"": ""Oui, Digital Fennec est un portail de gaming mobile de Djezzy, conçu spécialement pour correspondre à l'environnement algérien.""}, {""q"": ""Quelle est la particularité de Digital Fennec ?"", ""a"": ""Digital Fennec se distingue par son caractère dynamique et son adaptation à l'environnement local, en tant que portail de gaming mobile Djezzy.""}]"
svc_011,Divertissement,TOD,Un service de vidéo à la demande qui propose un contenu très riche avec trois types d'accès.,False,https://www.djezzy.dz/particuliers/services/tod/,fr,djezzy.dz,"[{""q"": ""C'est quoi TOD chez Djezzy ?"", ""a"": ""TOD est un service de vidéo à la demande proposé par Djezzy, avec un contenu très riche et trois types d'accès différents.""}, {""q"": ""Djezzy propose-t-il un service de streaming vidéo ?"", ""a"": ""Oui, avec TOD vous avez accès à un service de vidéo à la demande très riche, disponible via Djezzy avec plusieurs formules d'accès.""}, {""q"": ""Comment regarder des films et séries avec Djezzy ?"", ""a"": ""Djezzy propose le service TOD, une plateforme de vidéo à la demande avec un contenu varié et trois options d'accès.""}]"
svc_012,Divertissement,SHAHID,"Une plateforme de divertissement offrant le plus grand catalogue de contenus arabes, ainsi que des films et séries occidentaux, turcs, coréens et d'autres.",False,https://www.djezzy.dz/particuliers/services/shahid/,fr,djezzy.dz,"[{""q"": ""C'est quoi SHAHID chez Djezzy ?"", ""a"": ""SHAHID est une plateforme de divertissement disponible via Djezzy, proposant le plus grand catalogue de contenus arabes ainsi que des films et séries occidentaux, turcs et coréens.""}, {""q"": ""Peut-on regarder des séries arabes avec Djezzy ?"", ""a"": ""Oui, avec SHAHID vous avez accès au plus grand catalogue de contenus arabes, en plus de films et séries de différentes nationalités.""}, {""q"": ""Djezzy propose-t-il une plateforme multinationale de streaming ?"", ""a"": ""Oui, SHAHID est disponible via Djezzy et propose des contenus arabes, occidentaux, turcs et coréens sur une seule plateforme.""}]"
svc_013,Gestion d'appels,CLIP+,"Ne perdez plus aucun appel, soyez informé de toute tentative d'appel quand vous êtes injoignables.",True,https://www.djezzy.dz/particuliers/services/clip/,fr,djezzy.dz,"[{""q"": ""C'est quoi CLIP+ chez Djezzy ?"", ""a"": ""CLIP+ est un service qui vous informe de toute tentative d'appel reçue lorsque vous étiez injoignable, pour ne manquer aucun appel.""}, {""q"": ""Comment savoir qui m'a appelé quand j'étais injoignable ?"", ""a"": ""Avec CLIP+, Djezzy vous notifie de toutes les tentatives d'appel reçues pendant que vous étiez injoignable.""}, {""q"": ""Je rate des appels quand mon téléphone est éteint, que faire ?"", ""a"": ""Activez le service CLIP+ de Djezzy pour être informé de toute tentative d'appel même quand vous êtes injoignable.""}]"
svc_014,Gestion d'appels,Appel masqué,Ce service vous permet de masquer votre numéro lorsque vous appelez sans vouloir afficher votre numéro à votre interlocuteur.,True,https://www.djezzy.dz/particuliers/services/appel-masque/,fr,djezzy.dz,"[{""q"": ""Comment appeler sans afficher mon numéro avec Djezzy ?"", ""a"": ""Avec le service Appel masqué de Djezzy, vous pouvez appeler sans que votre numéro soit affiché chez votre interlocuteur.""}, {""q"": ""C'est quoi le service Appel masqué ?"", ""a"": ""L'Appel masqué est un service Djezzy qui vous permet de cacher votre numéro lors d'un appel sortant.""}, {""q"": ""Puis-je rendre mon numéro confidentiel lors d'un appel ?"", ""a"": ""Oui, le service Appel masqué de Djezzy vous permet de masquer votre numéro à chaque appel que vous émettez.""}]"
svc_015,Gestion d'appels,709 service liste rouge,Ce service garantit la confidentialité des coordonnées des abonnés Post-payés et empêche leur diffusion sur l'annuaire.,True,https://www.djezzy.dz/particuliers/services/709-service-liste-rouge/,fr,djezzy.dz,"[{""q"": ""C'est quoi le service liste rouge 709 chez Djezzy ?"", ""a"": ""Le service 709 liste rouge garantit la confidentialité des coordonnées des abonnés post-payés et empêche leur publication dans l'annuaire.""}, {""q"": ""Comment ne pas apparaître dans l'annuaire Djezzy ?"", ""a"": ""Avec le service 709 liste rouge, votre numéro et vos coordonnées ne seront pas diffusés dans l'annuaire.""}, {""q"": ""Est-ce que Djezzy propose un service de confidentialité d'annuaire ?"", ""a"": ""Oui, le service 709 liste rouge protège les coordonnées des abonnés post-payés et empêche leur apparition dans l'annuaire.""}]"
svc_016,Gestion d'appels,Appels en conférence,Cette solution vous permet d'effectuer des appels pour un travail ou une réunion entre plusieurs personnes à la fois à distance.,True,https://www.djezzy.dz/particuliers/services/appels-en-conference/,fr,djezzy.dz,"[{""q"": ""C'est quoi les appels en conférence chez Djezzy ?"", ""a"": ""Les appels en conférence permettent de réunir plusieurs personnes sur un même appel à distance, idéal pour les réunions de travail.""}, {""q"": ""Comment faire un appel avec plusieurs personnes en même temps sur Djezzy ?"", ""a"": ""Utilisez le service Appels en conférence de Djezzy pour connecter plusieurs interlocuteurs simultanément, même à distance.""}, {""q"": ""Djezzy propose-t-il des conférences téléphoniques ?"", ""a"": ""Oui, avec le service Appels en conférence vous pouvez organiser des réunions à distance entre plusieurs personnes via votre ligne Djezzy.""}]"
svc_017,Gestion d'appels,Renvoi d'appel,Vous êtes injoignable ? Ce service vous permet de transférer vos appels vers le numéro de votre choix.,True,https://www.djezzy.dz/particuliers/services/renvoi-dappel/,fr,djezzy.dz,"[{""q"": ""C'est quoi le renvoi d'appel chez Djezzy ?"", ""a"": ""Le renvoi d'appel est un service qui transfère automatiquement vos appels entrants vers un autre numéro de votre choix lorsque vous êtes injoignable.""}, {""q"": ""Comment rediriger mes appels vers un autre numéro avec Djezzy ?"", ""a"": ""Activez le service Renvoi d'appel pour transférer automatiquement vos appels vers le numéro que vous souhaitez quand vous êtes indisponible.""}, {""q"": ""Puis-je transférer mes appels sur Djezzy ?"", ""a"": ""Oui, avec le service Renvoi d'appel de Djezzy vous pouvez rediriger tous vos appels entrants vers n'importe quel numéro de votre choix.""}]"
svc_018,Gestion d'appels,Verso +,Ce service vous permet d'émettre et de recevoir toutes vos communications en Appel ou SMS à partir d'un deuxième numéro.,True,https://www.djezzy.dz/particuliers/services/verso/,fr,djezzy.dz,"[{""q"": ""C'est quoi Verso+ chez Djezzy ?"", ""a"": ""Verso+ est un service qui vous donne un deuxième numéro pour émettre et recevoir des appels et des SMS depuis votre ligne Djezzy.""}, {""q"": ""Comment avoir deux numéros avec Djezzy ?"", ""a"": ""Avec le service Verso+, vous pouvez utiliser un deuxième numéro pour vos communications, appels et SMS, sur la même ligne Djezzy.""}, {""q"": ""Djezzy propose-t-il un deuxième numéro de téléphone ?"", ""a"": ""Oui, le service Verso+ de Djezzy vous permet d'avoir un deuxième numéro pour émettre et recevoir vos appels et SMS.""}]"
svc_019,Gestion d'appels,Choix du Numéro,"Choisissez votre numéro au moment de l'achat de votre carte SIM, si le numéro n'a pas déjà été attribué.",True,https://www.djezzy.dz/particuliers/services/choix-du-numero/,fr,djezzy.dz,"[{""q"": ""Est-ce que je peux choisir mon numéro Djezzy ?"", ""a"": ""Oui, au moment de l'achat de votre carte SIM Djezzy, vous pouvez choisir votre numéro s'il n'a pas encore été attribué.""}, {""q"": ""C'est quoi le service Choix du Numéro chez Djezzy ?"", ""a"": ""C'est un service qui vous permet de sélectionner votre propre numéro lors de l'achat de votre carte SIM Djezzy, sous réserve de disponibilité.""}, {""q"": ""Comment avoir un numéro personnalisé chez Djezzy ?"", ""a"": ""Au moment de l'achat de votre SIM, Djezzy vous offre la possibilité de choisir votre numéro si celui-ci est encore disponible.""}]"
svc_020,Gestion d'appels,Double Appel,"Ce service vous permet d'émettre ou de recevoir deux appels en même temps, et mettre le second interlocuteur en attente.",True,https://www.djezzy.dz/particuliers/services/double-appel/,fr,djezzy.dz,"[{""q"": ""C'est quoi le Double Appel chez Djezzy ?"", ""a"": ""Le Double Appel est un service qui vous permet de gérer deux appels simultanément, en mettant l'un en attente pendant que vous parlez avec l'autre.""}, {""q"": ""Puis-je recevoir un deuxième appel pendant une communication avec Djezzy ?"", ""a"": ""Oui, avec le service Double Appel de Djezzy vous pouvez recevoir ou émettre un deuxième appel tout en mettant l'interlocuteur actuel en attente.""}, {""q"": ""Comment gérer deux appels en même temps sur Djezzy ?"", ""a"": ""Activez le Double Appel pour pouvoir jongler entre deux communications simultanées, en mettant l'un en attente quand vous parlez avec l'autre.""}]"
svc_021,Recharge & Paiement,TRANQUILO,Permet à nos abonnés Prépayés ayant un solde insuffisant d'effectuer des appels et d'envoyer des SMS d'urgence.,True,https://www.djezzy.dz/particuliers/services/tranquilo/,fr,djezzy.dz,"[{""q"": ""C'est quoi Tranquilo chez Djezzy ?"", ""a"": ""Tranquilo est un service qui permet aux abonnés prépayés avec un solde insuffisant de passer des appels et d'envoyer des SMS d'urgence.""}, {""q"": ""Je n'ai plus de crédit, puis-je quand même appeler avec Djezzy ?"", ""a"": ""Oui, avec Tranquilo, même si votre solde est insuffisant, vous pouvez passer des appels et envoyer des SMS d'urgence.""}, {""q"": ""Comment appeler en urgence sans crédit sur Djezzy ?"", ""a"": ""Le service Tranquilo de Djezzy permet aux abonnés prépayés d'effectuer des appels et SMS d'urgence même sans solde suffisant.""}]"
svc_022,Recharge & Paiement,Flexily,"Les abonnés Djezzy Classic, Millenium et Djezzy Line ont la possibilité de transférer du crédit à leurs proches et amis prépayés.",True,https://www.djezzy.dz/particuliers/services/flexily/,fr,djezzy.dz,"[{""q"": ""C'est quoi Flexily chez Djezzy ?"", ""a"": ""Flexily permet aux abonnés Djezzy Classic, Millenium et Djezzy Line de transférer du crédit à leurs proches prépayés.""}, {""q"": ""Comment envoyer du crédit à un ami sur Djezzy ?"", ""a"": ""Si vous êtes abonné Djezzy Classic, Millenium ou Djezzy Line, vous pouvez transférer du crédit à vos proches prépayés grâce au service Flexily.""}, {""q"": ""Puis-je offrir du crédit à un autre abonné Djezzy ?"", ""a"": ""Oui, avec Flexily, les abonnés Classic, Millenium et Djezzy Line peuvent offrir du crédit à leurs amis ou proches prépayés.""}]"
svc_023,Recharge & Paiement,Flexy,"Rechargez le montant que vous voulez et au numéro que vous souhaitez, et payez votre facture sans déplacement.",True,https://www.djezzy.dz/particuliers/services/flexy-3/,fr,djezzy.dz,"[{""q"": ""C'est quoi Flexy chez Djezzy ?"", ""a"": ""Flexy vous permet de recharger n'importe quel montant sur n'importe quel numéro, et de payer vos factures sans vous déplacer.""}, {""q"": ""Comment recharger mon crédit Djezzy sans bouger ?"", ""a"": ""Avec Flexy, vous pouvez recharger le montant de votre choix sur le numéro de votre choix et payer vos factures à distance.""}, {""q"": ""Puis-je recharger un autre numéro Djezzy depuis chez moi ?"", ""a"": ""Oui, le service Flexy vous permet de recharger n'importe quel numéro du montant souhaité sans vous déplacer.""}]"
svc_024,Recharge & Paiement,E-Flexy,"Rechargez du crédit sans vous déplacer, en utilisant votre carte CIB, d'une manière électronique en toute sécurité.",True,https://www.djezzy.dz/particuliers/services/e-flexy-particulier/,fr,djezzy.dz,"[{""q"": ""C'est quoi E-Flexy chez Djezzy ?"", ""a"": ""E-Flexy est un service de recharge électronique qui vous permet de recharger votre crédit Djezzy avec votre carte CIB, sans vous déplacer.""}, {""q"": ""Comment recharger avec ma carte CIB chez Djezzy ?"", ""a"": ""Avec E-Flexy, vous pouvez recharger votre ligne Djezzy en ligne en utilisant votre carte CIB de manière sécurisée.""}, {""q"": ""Puis-je recharger Djezzy par carte bancaire ?"", ""a"": ""Oui, le service E-Flexy vous permet de recharger votre crédit Djezzy avec votre carte CIB en toute sécurité, sans déplacement.""}]"
svc_025,Recharge & Paiement,E-Flexy avec VISA,Le service E-Flexy par carte VISA est désormais disponible chez Djezzy.,False,https://www.djezzy.dz/particuliers/services/e-flexy-visa/,fr,djezzy.dz,"[{""q"": ""Puis-je recharger Djezzy avec une carte VISA ?"", ""a"": ""Oui, le service E-Flexy avec VISA est disponible chez Djezzy pour recharger votre crédit avec votre carte VISA.""}, {""q"": ""C'est quoi E-Flexy avec VISA ?"", ""a"": ""E-Flexy avec VISA est un service de recharge électronique de Djezzy qui accepte les paiements par carte VISA.""}, {""q"": ""Comment recharger Djezzy avec VISA ?"", ""a"": ""Avec le service E-Flexy par carte VISA, vous pouvez recharger votre ligne Djezzy directement depuis votre carte VISA.""}]"
svc_026,International & Roaming,International,Le service international vous permet d'émettre des appels internationaux (vers le fixe et le mobile) à partir de votre ligne Djezzy.,True,https://www.djezzy.dz/particuliers/services/international-2/,fr,djezzy.dz,"[{""q"": ""C'est quoi le service International Djezzy ?"", ""a"": ""Le service International vous permet de passer des appels vers des numéros fixes et mobiles à l'étranger depuis votre ligne Djezzy.""}, {""q"": ""Comment appeler l'étranger avec Djezzy ?"", ""a"": ""Avec le service International de Djezzy, vous pouvez émettre des appels vers des lignes fixes et mobiles dans d'autres pays.""}, {""q"": ""Puis-je appeler un numéro fixe à l'étranger avec Djezzy ?"", ""a"": ""Oui, le service International Djezzy couvre les appels vers les numéros fixes et mobiles à l'international depuis votre ligne.""}]"
svc_027,International & Roaming,Roaming,Le service Roaming vous permet d'émettre des appels vers d'autres pays lorsque vous partez en voyage.,True,https://www.djezzy.dz/particuliers/services/roaming-2/,fr,djezzy.dz,"[{""q"": ""C'est quoi le Roaming chez Djezzy ?"", ""a"": ""Le Roaming est un service qui vous permet de continuer à appeler depuis votre ligne Djezzy lorsque vous voyagez à l'étranger.""}, {""q"": ""Comment utiliser mon téléphone Djezzy à l'étranger ?"", ""a"": ""Activez le service Roaming de Djezzy pour pouvoir émettre des appels vers d'autres pays pendant vos voyages.""}, {""q"": ""Puis-je utiliser ma ligne Djezzy hors d'Algérie ?"", ""a"": ""Oui, avec le service Roaming de Djezzy vous pouvez appeler depuis l'étranger en utilisant votre ligne habituelle.""}]"
svc_028,SMS & Messagerie,SMS 3LIK,Restez en contact avec vos amis et proches même si vous ne disposez pas de crédit.,True,https://www.djezzy.dz/particuliers/services/sms-3lik/,fr,djezzy.dz,"[{""q"": ""C'est quoi SMS 3LIK chez Djezzy ?"", ""a"": ""SMS 3LIK est un service qui vous permet d'envoyer des SMS à vos proches même si vous n'avez plus de crédit sur votre ligne Djezzy.""}, {""q"": ""Comment envoyer un SMS sans crédit sur Djezzy ?"", ""a"": ""Avec le service SMS 3LIK, vous pouvez rester en contact avec vos amis et famille même sans crédit disponible.""}, {""q"": ""Je n'ai plus de crédit, puis-je envoyer des SMS avec Djezzy ?"", ""a"": ""Oui, le service SMS 3LIK de Djezzy vous permet d'envoyer des messages à vos proches même sans solde disponible.""}]"
svc_029,SMS & Messagerie,Messagerie vocale,"Basculez vos appels vers votre messagerie vocale, et ne manquez plus les messages de vos correspondants.",True,https://www.djezzy.dz/particuliers/services/messagerie-vocale/,fr,djezzy.dz,"[{""q"": ""C'est quoi la messagerie vocale chez Djezzy ?"", ""a"": ""La messagerie vocale de Djezzy vous permet de recevoir les messages de vos correspondants lorsque vous êtes injoignable ou occupé.""}, {""q"": ""Comment activer la messagerie vocale sur Djezzy ?"", ""a"": ""Vous pouvez rediriger vos appels vers la messagerie vocale Djezzy pour ne manquer aucun message de vos correspondants.""}, {""q"": ""Je rate des appels, puis-je avoir une boîte vocale avec Djezzy ?"", ""a"": ""Oui, la messagerie vocale de Djezzy enregistre les messages de vos correspondants quand vous n'êtes pas disponible.""}]"
svc_030,SMS & Messagerie,SMS BIP,Envoyez gratuitement vers le réseau Djezzy 6 SMS chaque semaine à vos proches même lorsque vous n'avez pas de crédit.,True,https://www.djezzy.dz/particuliers/services/sms-bip/,fr,djezzy.dz,"[{""q"": ""C'est quoi SMS BIP chez Djezzy ?"", ""a"": ""SMS BIP est un service qui vous offre 6 SMS gratuits par semaine vers le réseau Djezzy, même sans crédit.""}, {""q"": ""Combien de SMS gratuits offre le service SMS BIP ?"", ""a"": ""Le service SMS BIP de Djezzy vous offre 6 SMS gratuits par semaine à envoyer sur le réseau Djezzy, même sans solde.""}, {""q"": ""Puis-je envoyer des SMS gratuits sur Djezzy ?"", ""a"": ""Oui, avec SMS BIP vous bénéficiez de 6 SMS gratuits chaque semaine vers les numéros Djezzy, sans avoir besoin de crédit.""}]"
svc_031,Facturation,Facture détaillée ponctuelle,"Ce service vous permet de disposer d'un relevé détaillé de toutes vos communications, sur une période de consommation allant de 01 à 90 jours.",True,https://www.djezzy.dz/particuliers/services/facture-detaillee-ponctuelle/,fr,djezzy.dz,"[{""q"": ""C'est quoi la facture détaillée ponctuelle chez Djezzy ?"", ""a"": ""C'est un service qui vous fournit un relevé détaillé de toutes vos communications sur une période choisie entre 1 et 90 jours.""}, {""q"": ""Comment consulter le détail de mes communications Djezzy ?"", ""a"": ""Avec la facture détaillée ponctuelle, vous obtenez un relevé complet de toutes vos communications sur une période allant jusqu'à 90 jours.""}, {""q"": ""Puis-je avoir un historique de mes appels chez Djezzy ?"", ""a"": ""Oui, le service Facture détaillée ponctuelle vous donne accès à un relevé de toutes vos communications sur 1 à 90 jours.""}]"
svc_032,Facturation,B2Mail,"Ce service vous permet, aux abonnés post-payés et control, de recevoir vos factures sur votre adresse mail.",True,https://www.djezzy.dz/particuliers/services/b2mail/,fr,djezzy.dz,"[{""q"": ""C'est quoi B2Mail chez Djezzy ?"", ""a"": ""B2Mail est un service destiné aux abonnés post-payés et control qui leur permet de recevoir leurs factures directement par email.""}, {""q"": ""Comment recevoir ma facture Djezzy par email ?"", ""a"": ""Si vous êtes abonné post-payé ou control, le service B2Mail vous permet de recevoir vos factures Djezzy directement sur votre adresse mail.""}, {""q"": ""Puis-je recevoir mes factures Djezzy par email ?"", ""a"": ""Oui, avec B2Mail les abonnés post-payés et control reçoivent automatiquement leurs factures sur leur adresse mail.""}]"
svc_033,Facturation,Prélèvement automatique,"Vous pouvez payer vos factures par prélèvement bancaire automatique, qui est parfaitement sécurisé.",True,https://www.djezzy.dz/particuliers/services/prelevement-automatique/,fr,djezzy.dz,"[{""q"": ""C'est quoi le prélèvement automatique chez Djezzy ?"", ""a"": ""C'est un service qui vous permet de payer vos factures Djezzy automatiquement via un prélèvement bancaire sécurisé.""}, {""q"": ""Comment automatiser le paiement de ma facture Djezzy ?"", ""a"": ""Avec le service Prélèvement automatique, votre facture Djezzy est prélevée directement depuis votre compte bancaire de manière sécurisée.""}, {""q"": ""Djezzy propose-t-il le paiement automatique de factures ?"", ""a"": ""Oui, le service Prélèvement automatique permet de régler vos factures Djezzy par prélèvement bancaire sécurisé sans action de votre part.""}]"
svc_034,Facturation,Paiement par carte de recharge,Payez vos factures grâce aux cartes de recharge disponibles chez nos boutiques Djezzy.,True,https://www.djezzy.dz/particuliers/services/paiement-par-carte-de-recharge/,fr,djezzy.dz,"[{""q"": ""Puis-je payer ma facture Djezzy avec une carte de recharge ?"", ""a"": ""Oui, vous pouvez régler votre facture Djezzy en utilisant des cartes de recharge disponibles dans les boutiques Djezzy.""}, {""q"": ""C'est quoi le paiement par carte de recharge chez Djezzy ?"", ""a"": ""C'est un service qui vous permet de payer vos factures Djezzy grâce aux cartes de recharge vendues dans les boutiques officielles.""}, {""q"": ""Où acheter une carte de recharge pour payer ma facture Djezzy ?"", ""a"": ""Les cartes de recharge pour payer vos factures Djezzy sont disponibles directement dans les boutiques Djezzy.""}]"
svc_035,Facturation,Info facture 787,"Ce service est disponible 24h/24 et 7j/7, il vous permet d'avoir à tout moment des détails sur vos factures.",True,https://www.djezzy.dz/particuliers/services/info-facture-787/,fr,djezzy.dz,"[{""q"": ""C'est quoi le service Info facture 787 chez Djezzy ?"", ""a"": ""Info facture 787 est un service disponible 24h/24 et 7j/7 qui vous donne accès à tout moment aux détails de vos factures.""}, {""q"": ""Comment consulter ma facture Djezzy à tout moment ?"", ""a"": ""Composez le 787 pour accéder au service Info facture, disponible 24h/24 et 7j/7 pour obtenir les détails de vos factures.""}, {""q"": ""Djezzy propose-t-il un numéro pour info sur les factures ?"", ""a"": ""Oui, le 787 est le numéro dédié au service Info facture de Djezzy, accessible à toute heure pour consulter vos factures.""}]"
svc_036,Facturation,Nouvelle facturation,"Dans le cadre de sa transformation digitale, Djezzy simplifie pour vous l'édition de vos factures.",False,https://www.djezzy.dz/particuliers/services/nouvelle-facturation/,fr,djezzy.dz,"[{""q"": ""C'est quoi la nouvelle facturation Djezzy ?"", ""a"": ""Dans le cadre de sa transformation digitale, Djezzy a simplifié le système d'édition de factures pour ses abonnés.""}, {""q"": ""Djezzy a-t-il changé son système de facturation ?"", ""a"": ""Oui, Djezzy a mis en place une nouvelle facturation simplifiée dans le cadre de sa démarche de transformation digitale.""}, {""q"": ""Comment fonctionne la nouvelle facturation chez Djezzy ?"", ""a"": ""La nouvelle facturation Djezzy simplifie l'édition de vos factures grâce à la transformation digitale de l'opérateur. Consultez le site pour plus de détails.""}]"
svc_037,Facturation,E-Facture,Ce service vous permet de consulter et payer vos factures avec vos cartes CIB en toute sécurité.,True,https://www.djezzy.dz/particuliers/services/e-facture-particulier/,fr,djezzy.dz,"[{""q"": ""C'est quoi E-Facture chez Djezzy ?"", ""a"": ""E-Facture est un service qui vous permet de consulter et payer vos factures Djezzy en ligne avec votre carte CIB en toute sécurité.""}, {""q"": ""Comment payer ma facture Djezzy avec CIB en ligne ?"", ""a"": ""Avec E-Facture, vous pouvez régler vos factures Djezzy en utilisant votre carte CIB de manière sécurisée depuis chez vous.""}, {""q"": ""Puis-je consulter et payer ma facture Djezzy en ligne ?"", ""a"": ""Oui, le service E-Facture vous permet de consulter et payer vos factures Djezzy en ligne avec votre carte CIB.""}]"
svc_038,Facturation,E-Facture avec VISA,Le service E-Paiement VISA est désormais disponible chez Djezzy.,False,https://www.djezzy.dz/particuliers/services/e-payment-visa-facture/,fr,djezzy.dz,"[{""q"": ""Puis-je payer ma facture Djezzy avec VISA ?"", ""a"": ""Oui, le service E-Facture avec VISA est disponible chez Djezzy pour régler vos factures avec votre carte VISA.""}, {""q"": ""C'est quoi E-Facture avec VISA chez Djezzy ?"", ""a"": ""E-Facture avec VISA est un service de paiement en ligne qui vous permet de régler vos factures Djezzy avec une carte VISA.""}, {""q"": ""Djezzy accepte-t-il les paiements de factures par carte VISA ?"", ""a"": ""Oui, grâce au service E-Facture avec VISA, vous pouvez payer vos factures Djezzy directement avec votre carte VISA.""}]"
svc_039,Assistance & Autres,Contrôle parental,"Faites profiter pleinement vos enfants des vitesses 2G, 3G et 4G de Djezzy en toute sécurité en les protégeant des contenus inappropriés.",True,https://www.djezzy.dz/particuliers/services/controle-parental-djezzy/,fr,djezzy.dz,"[{""q"": ""C'est quoi le Contrôle parental chez Djezzy ?"", ""a"": ""Le Contrôle parental est un service qui protège vos enfants des contenus inappropriés lorsqu'ils utilisent Internet sur les réseaux 2G, 3G et 4G de Djezzy.""}, {""q"": ""Comment protéger mes enfants sur Internet avec Djezzy ?"", ""a"": ""Activez le Contrôle parental de Djezzy pour bloquer les contenus inappropriés et laisser vos enfants naviguer en toute sécurité.""}, {""q"": ""Djezzy propose-t-il un service de protection pour les enfants ?"", ""a"": ""Oui, le service Contrôle parental de Djezzy filtre les contenus inappropriés et permet à vos enfants de profiter d'Internet en toute sécurité.""}]"
svc_040,Assistance & Autres,*777# de Djezzy,Le code *777# vous donne plus d'autonomie dans la gestion des options de votre ligne Djezzy.,True,https://www.djezzy.dz/particuliers/services/777/,fr,djezzy.dz,"[{""q"": ""C'est quoi le code *777# chez Djezzy ?"", ""a"": ""Le *777# est un code USSD qui vous donne accès à un menu permettant de gérer les options et services de votre ligne Djezzy en toute autonomie.""}, {""q"": ""Comment gérer mon compte Djezzy par téléphone ?"", ""a"": ""Composez le *777# depuis votre téléphone pour gérer les options de votre ligne Djezzy directement et en toute autonomie.""}, {""q"": ""À quoi sert le *777# chez Djezzy ?"", ""a"": ""Le *777# est un code d'accès rapide qui vous permet de gérer les options de votre ligne Djezzy sans passer par une boutique ou le service client.""}]"
svc_041,Assistance & Autres,Votre service client,Des Centres d'Appels ont été mis à la disposition des professionnels et particuliers pour être toujours à votre écoute.,True,https://www.djezzy.dz/particuliers/services/votre-service-client/,fr,djezzy.dz,"[{""q"": ""Comment contacter le service client Djezzy ?"", ""a"": ""Djezzy dispose de Centres d'Appels dédiés aux particuliers et professionnels, disponibles pour répondre à toutes vos questions.""}, {""q"": ""C'est quoi le service client Djezzy ?"", ""a"": ""Le service client Djezzy est un centre d'appels mis à disposition des particuliers et professionnels pour les accompagner dans leurs besoins.""}, {""q"": ""Djezzy a-t-il un centre d'appels ?"", ""a"": ""Oui, Djezzy dispose de Centres d'Appels dédiés aux particuliers et aux professionnels, prêts à vous écouter et vous aider.""}]"
svc_042,Assistance & Autres,Numéros utiles,"Djezzy met à votre disposition une liste de numéros utiles, pour répondre à vos questions et vous faciliter l'accès aux services.",True,https://www.djezzy.dz/particuliers/services/numeros-utiles/,fr,djezzy.dz,"[{""q"": ""C'est quoi les numéros utiles Djezzy ?"", ""a"": ""Djezzy propose une liste de numéros utiles pour répondre à vos questions et faciliter l'accès à ses différents services.""}, {""q"": ""Quels sont les numéros importants à retenir chez Djezzy ?"", ""a"": ""Djezzy met à votre disposition une liste de numéros utiles pour accéder facilement à ses services et obtenir des réponses à vos questions.""}, {""q"": ""Où trouver les numéros importants de Djezzy ?"", ""a"": ""Consultez la page Numéros utiles sur le site de Djezzy pour retrouver tous les numéros nécessaires pour accéder à leurs services.""}]"
svc_043,Assistance & Autres,Changement de carte SIM,Votre puce n'est plus opérationnelle ou vous avez égaré votre téléphone ? Présentez-vous à une de nos boutiques muni de votre pièce d'identité.,False,https://www.djezzy.dz/particuliers/services/changement-de-carte-sim/,fr,djezzy.dz,"[{""q"": ""Comment changer ma carte SIM Djezzy ?"", ""a"": ""En cas de puce défectueuse ou de téléphone perdu, rendez-vous dans une boutique Djezzy avec votre pièce d'identité pour un changement de carte SIM.""}, {""q"": ""Ma carte SIM Djezzy ne fonctionne plus, que faire ?"", ""a"": ""Présentez-vous dans une boutique Djezzy avec votre pièce d'identité pour demander un changement de carte SIM.""}, {""q"": ""Djezzy propose-t-il le remplacement de carte SIM ?"", ""a"": ""Oui, en cas de puce défectueuse ou de perte de téléphone, vous pouvez obtenir une nouvelle SIM dans n'importe quelle boutique Djezzy.""}]"
svc_044,Assistance & Autres,Vol de mobile,Djezzy s'associe avec les opérateurs Mobilis et Ooredoo pour bloquer les mobiles volés et les rendre inutilisables sur les trois réseaux.,True,https://www.djezzy.dz/particuliers/services/vol-de-mobile/,fr,djezzy.dz,"[{""q"": ""C'est quoi le service Vol de mobile chez Djezzy ?"", ""a"": ""Djezzy, en partenariat avec Mobilis et Ooredoo, permet de bloquer les téléphones volés pour les rendre inutilisables sur les trois réseaux algériens.""}, {""q"": ""Mon téléphone a été volé, que faire avec Djezzy ?"", ""a"": ""Signalez le vol à Djezzy pour que votre mobile soit bloqué sur les réseaux Djezzy, Mobilis et Ooredoo, le rendant inutilisable.""}, {""q"": ""Djezzy peut-il bloquer un téléphone volé ?"", ""a"": ""Oui, Djezzy en collaboration avec Mobilis et Ooredoo peut bloquer les mobiles volés sur les trois réseaux algériens.""}]"
svc_045,Assistance & Autres,Apprenez l'anglais,"Un service d'apprentissage de langue en ligne disponible en français et en arabe, accessible via l'application Djezzy App.",False,https://www.djezzy.dz/particuliers/services/apprenez-langlais/,fr,djezzy.dz,"[{""q"": ""Peut-on apprendre l'anglais avec Djezzy ?"", ""a"": ""Oui, Djezzy propose un service d'apprentissage de l'anglais en ligne, accessible en français et en arabe via l'application Djezzy App.""}, {""q"": ""C'est quoi le service Apprenez l'anglais chez Djezzy ?"", ""a"": ""C'est un service d'apprentissage de langue en ligne proposé par Djezzy, disponible en français et en arabe via l'application Djezzy App.""}, {""q"": ""Djezzy propose-t-il des cours de langue en ligne ?"", ""a"": ""Oui, le service Apprenez l'anglais de Djezzy est accessible via Djezzy App en français et en arabe pour apprendre l'anglais en ligne.""}]"
svc_046,Assistance & Autres,Hameçonnage par SMS,L'hameçonnage par SMS consiste en un ou plusieurs messages non sollicités envoyés en masse pour tromper les utilisateurs.,False,https://www.djezzy.dz/particuliers/services/hameconnage-par-sms/,fr,djezzy.dz,"[{""q"": ""C'est quoi le hameçonnage par SMS ?"", ""a"": ""Le hameçonnage par SMS (SMS phishing) est une technique d'arnaque qui consiste à envoyer des messages frauduleux en masse pour tromper les utilisateurs.""}, {""q"": ""Comment reconnaître un SMS frauduleux sur Djezzy ?"", ""a"": ""Djezzy informe ses abonnés sur le hameçonnage par SMS : méfiez-vous des messages non sollicités vous demandant des informations personnelles ou financières.""}, {""q"": ""Djezzy met-il en garde contre les arnaques par SMS ?"", ""a"": ""Oui, Djezzy sensibilise ses abonnés au hameçonnage par SMS, une pratique frauduleuse d'envoi de messages en masse pour tromper les destinataires.""}]"
