Question,Answer,Content_Type,Section,Title,Description,Step,YouTube_URL
What is 5G and how is it different from 4G?,"5G is the next generation of mobile connectivity, offering faster speed, lower latency, and greater capacity compared to 4G.",FAQ,,,,,
Do I need to change my SIM card to be able to benefit from 5G?,"If you already have a USIM, you only need to sign a new 5G contract at one of our Service Centers.",FAQ,,,,,
Do I need a new phone to use 5G?,"Yes, you will need a 5G-compatible smartphone to access the network.",FAQ,,,,,
Can I still use 4G if 5G is not available in my area?,"Yes, your phone will automatically switch to 4G or another available network.",FAQ,,,,,
What can I do with 5G that I couldn’t with 4G?,"5G enables smoother streaming, faster downloads, more immersive AR/VR experiences, and improved performance for connected devices.",FAQ,,,,,
"Can I enable 5G on my old 2G, 3G, or 4G line?","Yes, to access it, you only need to present a valid national ID card or passport.",FAQ,,,,,
How much does it cost?,"5G is a new technology, and no payment is required to install it on your line.",FAQ,,,,,
Where can I sign a 5G contract?,"At our Djezzy sales and service centers, as well as authorized points of sale across the entire national territory.",FAQ,,,,,
Where is 5G available?,"5G is now being gradually rolled out across 18 wilayas: Algiers, Constantine, Ouargla, Oran, Sétif, Blida, Skikda, Tlemcen, Timimoun, Mostaganem, Tizi Ouzou, Béjaïa, Annaba, Batna, Bordj Bou Arreridj, In Salah, Touggourt, Tindouf. We invite you to follow its rollout on our website.",FAQ,,,,,
How can I find out if my phone is 5G-compatible?,By simply go to Settings → Mobile Networks.,FAQ,,,,,
Can I use my current offer once the 5G network is activated?,Yes.,FAQ,,,,,
Are 5G plans different?,"5G is a new technology. For now, current plans remain the same; however, new attractive offers will be introduced soon.",FAQ,,,,,
,,Benefit,Key Benefits,Faster Mobile Internet,"Enjoy smoother browsing, streaming and downloads with next-generation speed.",,
,,Benefit,Key Benefits,Growth opportunities for smarter cities,Network designed to support future urban innovations and smarter services.,,
,,Benefit,Key Benefits,Enhanced Agriculture Growth,Supports farming with IoT sensors and drones for monitoring crops and livestock.,,
,,Benefit,Key Benefits,Massive IoT,Strong network capable of connecting a growing number of smart devices.,,
,,Benefit,Key Benefits,Cloud Gaming,"Experience greater fluidity and responsiveness, wherever you are.",,
,,Benefit,Key Benefits,Augmented & Virtual Reality (AR/VR),"More immersive digital experiences for entertainment, learning and business.",,
,,Benefit,Key Benefits,Foster Healthcare,New opportunities in telemedicine and remote healthcare services.,,
,,Benefit,Key Benefits,Industry 4.0,A foundation that supports industrial transformation and innovation.,,
,,Feature,Why Choose Djezzy 5G,Ultra Speed Internet,"Browse up to 10x faster than 4G. Stream in Ultra HD, download instantly and enjoy limitless internet.",,
,,Feature,Why Choose Djezzy 5G,Low Latency,"Enjoy response times in milliseconds for streaming, gaming, calls and real-time apps.",,
,,Feature,Why Choose Djezzy 5G,Massive Connectivity,"Reliable connectivity in stadiums, malls, airports, universities, cafés and city centers.",,
,,Feature,Why Choose Djezzy 5G,Endless Possibilities,"Supports AR, VR, IoT, smart devices, connected cars and next-gen innovations.",,
,,Step,How To Enjoy 5G,Check coverage,Make sure you are within Djezzy’s 5G network coverage.,1.0,
,,Step,How To Enjoy 5G,Use a 5G smartphone,Ensure your device is 5G-compatible.,2.0,
,,Step,How To Enjoy 5G,New 5G Contract,Visit a Djezzy store to sign your 5G contract.,3.0,
,,Step,How To Enjoy 5G,Activate Your 5G Offer,Choose the offer that suits you.,4.0,
,,Video,5G Video,Djezzy 5G Introduction Video,,,https://www.youtube.com/embed/eZPUk00QBbE
